Season,Week,EndingDate,Reporting laboratory,SARS-CoV-2 tests,SARS-CoV-2 detections,Influenza tests,Total influenza detections,A(H1)pdm09 detections,A(H3) detections,A(UnS) detections,Total influenza A detections,Influenza B detections,RSV tests,RSV detections,HPIV tests,HPIV 1 detections,HPIV 2 detections,HPIV 3 detections,HPIV 4 detections,Other HPIV detections,ADV tests,ADV detections,HMPV tests,HMPV detections,EV/RV tests,EV/RV detections,HCoV tests,HCoV detections
2025-2026,7,2026-02-21,Newfoundland and Labrador,405,14,362,43,1,40,1,42,1,362,17,362,0,0,4,2,0,362,2,362,26,362,10,362,31
2025-2026,7,2026-02-21,Prince Edward Island,209,7,207,42,0,0,13,13,29,207,23,25,0,0,2,0,0,25,1,25,3,25,3,25,1
2025-2026,7,2026-02-21,Nova Scotia,"1,492",55,"1,511",218,1,0,141,142,76,"1,511",93,49,0,0,1,0,0,49,0,49,0,49,6,49,4
2025-2026,7,2026-02-21,New Brunswick,"1,029",60,"1,033",50,0,0,45,45,5,"1,033",78,90,0,0,1,1,0,90,2,90,5,90,13,90,12
2025-2026,7,2026-02-21,Quebec,"10,211",492,"10,079",536,0,1,378,379,157,"8,156",832,"1,189",2,2,6,3,0,"1,204",42,"1,189",34,"1,254",86,"1,180",134
2025-2026,7,2026-02-21,Ontario,"6,527",482,"6,292",180,24,15,53,90,90,"6,292",472,"3,754",3,3,6,4,20,"3,754",40,"3,752",111,"3,752",184,"3,661",371
2025-2026,7,2026-02-21,Manitoba,718,67,"1,053",7,0,1,2,3,4,"1,053",22,75,0,0,0,0,0,75,0,75,6,75,4,75,7
2025-2026,7,2026-02-21,Saskatchewan,"1,336",75,"1,300",75,0,0,36,36,39,"1,225",143,406,1,1,3,3,0,406,3,406,23,406,22,406,44
2025-2026,7,2026-02-21,Alberta,"4,771",196,"2,617",165,12,13,1,26,139,"4,393",377,"1,445",14,1,7,10,0,"1,443",8,"1,442",47,"1,443",109,"1,445",140
2025-2026,7,2026-02-21,British Columbia,"3,160",117,"3,515",213,10,25,0,156,57,"3,515",325,747,7,3,5,12,0,764,9,750,55,770,75,738,37
2025-2026,7,2026-02-21,Yukon,42,0,34,5,0,0,0,4,1,34,0,N/A,N/A,N/A,N/A,N/A,N/A,N/A,N/A,N/A,N/A,N/A,N/A,N/A,N/A
2025-2026,7,2026-02-21,Northwest Territories,37,1,37,4,0,0,0,0,4,37,6,N/A,N/A,N/A,N/A,N/A,N/A,37,0,37,2,37,5,N/A,N/A
2025-2026,7,2026-02-21,Nunavut,66,5,66,0,0,0,0,0,0,66,1,N/A,N/A,N/A,N/A,N/A,N/A,N/A,N/A,N/A,N/A,N/A,N/A,N/A,N/A
2025-2026,7,2026-02-21,Canada,"30,003","1,571","28,106","1,538",48,95,670,936,602,"27,884","2,389","8,142",27,10,35,35,20,"8,209",107,"8,177",312,"8,263",517,"8,031",781
2025-2026,6,2026-02-14,Newfoundland and Labrador,402,6,359,61,2,53,6,61,0,359,8,359,0,2,0,1,0,359,3,359,25,359,15,359,34
2025-2026,6,2026-02-14,Prince Edward Island,190,5,179,57,0,0,28,28,29,179,8,21,0,0,0,0,0,21,1,21,6,21,2,21,4
2025-2026,6,2026-02-14,Nova Scotia,"1,413",58,"1,429",207,2,14,159,175,32,"1,429",97,36,1,0,0,0,0,36,1,36,0,36,5,36,2
2025-2026,6,2026-02-14,New Brunswick,"1,146",86,"1,099",84,5,2,74,81,3,"1,099",97,60,0,0,1,0,0,60,1,60,3,60,7,60,7
2025-2026,6,2026-02-14,Quebec,"10,176",517,"9,994",587,0,1,494,495,92,"8,024",845,"1,102",4,1,4,5,0,"1,119",34,"1,102",37,"1,197",71,"1,094",114
2025-2026,6,2026-02-14,Ontario,"6,294",469,"5,929",172,36,15,56,102,70,"5,929",410,"3,523",5,1,6,2,29,"3,523",34,"3,523",72,"3,523",184,"3,459",269
2025-2026,6,2026-02-14,Manitoba,"1,094",63,"1,007",12,0,0,7,7,5,"1,007",31,52,0,1,1,0,0,52,3,52,5,52,7,52,7
2025-2026,6,2026-02-14,Saskatchewan,"1,437",102,"1,430",60,1,2,16,19,41,"1,346",154,530,6,1,5,5,0,530,4,530,26,530,48,530,43
2025-2026,6,2026-02-14,Alberta,"5,107",209,"4,958",375,24,41,4,70,305,"4,697",458,"1,670",5,4,14,13,0,"1,670",12,"1,670",55,"1,670",141,"1,670",136
2025-2026,6,2026-02-14,British Columbia,"3,283",93,"3,706",234,19,55,2,173,61,"3,706",346,847,1,1,6,14,1,879,12,852,72,884,97,845,37
2025-2026,6,2026-02-14,Yukon,38,1,29,8,0,2,0,8,0,29,0,N/A,N/A,N/A,N/A,N/A,N/A,N/A,N/A,N/A,N/A,N/A,N/A,N/A,N/A
2025-2026,6,2026-02-14,Northwest Territories,38,0,38,0,0,0,0,0,0,38,2,N/A,N/A,N/A,N/A,N/A,N/A,38,0,38,2,38,6,N/A,N/A
2025-2026,6,2026-02-14,Nunavut,85,5,85,7,0,4,0,4,3,85,8,N/A,N/A,N/A,N/A,N/A,N/A,N/A,N/A,N/A,N/A,N/A,N/A,N/A,N/A
2025-2026,6,2026-02-14,Canada,"30,703","1,614","30,242","1,864",89,189,846,"1,223",641,"27,927","2,464","8,200",22,11,37,40,30,"8,287",105,"8,243",303,"8,370",583,"8,126",653
2025-2026,5,2026-02-07,Newfoundland and Labrador,362,7,327,47,2,42,3,47,0,327,3,327,1,2,1,3,0,327,4,327,18,327,15,327,22
2025-2026,5,2026-02-07,Prince Edward Island,158,6,149,34,0,0,22,22,12,149,4,8,0,0,0,0,0,8,1,8,3,8,2,8,2
2025-2026,5,2026-02-07,Nova Scotia,"1,400",62,"1,419",202,1,23,162,186,16,"1,419",81,36,3,0,0,0,0,36,0,36,0,36,3,36,2
2025-2026,5,2026-02-07,New Brunswick,"1,121",96,"1,120",88,4,1,82,87,1,"1,120",93,91,0,0,1,1,1,91,2,91,4,91,17,91,13
2025-2026,5,2026-02-07,Quebec,"10,029",533,"9,916",670,1,0,555,556,114,"7,945",711,"1,157",3,3,2,0,0,"1,170",28,"1,157",26,"1,231",102,"1,155",103
2025-2026,5,2026-02-07,Ontario,"6,239",392,"5,972",127,24,16,47,84,43,"5,972",452,"3,479",0,2,4,4,23,"3,479",38,"3,479",53,"3,479",186,"3,434",224
2025-2026,5,2026-02-07,Manitoba,"1,004",56,941,8,0,2,5,7,1,941,22,78,0,1,0,0,0,78,0,78,6,78,7,78,3
2025-2026,5,2026-02-07,Saskatchewan,"1,421",90,"1,422",61,3,7,15,25,36,"1,318",171,515,4,3,6,10,0,515,12,515,18,515,44,515,36
2025-2026,5,2026-02-07,Alberta,"4,967",216,"4,789",324,33,49,3,85,239,"4,523",419,"1,591",8,4,1,4,0,"1,591",12,"1,591",46,"1,591",132,"1,591",120
2025-2026,5,2026-02-07,British Columbia,"3,677",120,"4,145",386,24,120,0,331,55,"4,145",365,907,4,4,6,8,1,923,10,909,45,947,118,888,32
2025-2026,5,2026-02-07,Yukon,59,1,45,15,2,7,0,13,2,45,1,N/A,N/A,N/A,N/A,N/A,N/A,N/A,N/A,N/A,N/A,N/A,N/A,N/A,N/A
2025-2026,5,2026-02-07,Northwest Territories,35,2,35,1,0,0,0,0,1,35,8,N/A,N/A,N/A,N/A,N/A,N/A,35,1,35,1,35,5,N/A,N/A
2025-2026,5,2026-02-07,Nunavut,86,7,86,25,0,4,1,5,20,86,7,N/A,N/A,N/A,N/A,N/A,N/A,N/A,N/A,N/A,N/A,N/A,N/A,N/A,N/A
2025-2026,5,2026-02-07,Canada,"30,558","1,588","30,366","1,988",94,271,895,"1,448",540,"28,025","2,337","8,189",23,19,21,30,25,"8,253",108,"8,226",220,"8,338",631,"8,123",557
2025-2026,4,2026-01-31,Newfoundland and Labrador,448,12,417,45,1,41,3,45,0,417,14,417,2,4,6,2,0,417,2,417,16,417,17,417,20
2025-2026,4,2026-01-31,Prince Edward Island,147,7,145,22,0,1,12,13,9,145,16,12,0,1,0,0,0,12,2,12,1,12,4,12,0
2025-2026,4,2026-01-31,Nova Scotia,"1,481",110,"1,470",226,0,12,197,209,17,"1,470",76,40,2,0,0,0,0,40,0,40,0,40,1,40,3
2025-2026,4,2026-01-31,New Brunswick,"1,019",87,"1,025",70,2,5,62,69,1,"1,025",82,120,0,1,0,0,1,120,4,120,0,120,20,120,8
2025-2026,4,2026-01-31,Quebec,"9,812",504,"9,697",811,0,0,747,747,64,"7,730",647,"1,129",3,5,5,3,0,"1,143",37,"1,129",11,"1,225",100,"1,117",84
2025-2026,4,2026-01-31,Ontario,"6,065",356,"5,807",161,19,33,80,124,37,"5,807",464,"3,290",1,3,3,2,28,"3,290",32,"3,265",47,"3,265",134,"3,203",149
2025-2026,4,2026-01-31,Manitoba,"1,113",74,"1,015",19,0,1,18,19,0,"1,015",29,70,1,0,0,0,0,70,3,70,3,70,8,70,2
2025-2026,4,2026-01-31,Saskatchewan,"1,267",83,"1,297",76,7,11,30,48,28,"1,176",123,436,6,0,2,2,0,436,7,436,8,436,20,436,14
2025-2026,4,2026-01-31,Alberta,"5,047",210,"4,821",315,37,93,5,136,179,"4,587",446,"1,660",6,2,5,3,0,"1,660",7,"1,660",40,"1,660",113,"1,660",82
2025-2026,4,2026-01-31,British Columbia,"3,850",145,"4,519",542,48,148,3,493,49,"4,519",360,922,8,3,8,4,0,942,12,920,48,949,109,907,32
2025-2026,4,2026-01-31,Yukon,59,0,51,10,0,8,0,9,1,52,1,N/A,N/A,N/A,N/A,N/A,N/A,N/A,N/A,N/A,N/A,N/A,N/A,N/A,N/A
2025-2026,4,2026-01-31,Northwest Territories,32,1,32,1,0,1,0,1,0,32,2,N/A,N/A,N/A,N/A,N/A,N/A,32,1,32,0,32,4,N/A,N/A
2025-2026,4,2026-01-31,Nunavut,60,3,60,10,0,4,0,4,6,60,3,N/A,N/A,N/A,N/A,N/A,N/A,N/A,N/A,N/A,N/A,N/A,N/A,N/A,N/A
2025-2026,4,2026-01-31,Canada,"30,400","1,592","30,356","2,308",114,358,"1,157","1,917",391,"28,035","2,263","8,096",29,19,29,16,29,"8,162",107,"8,101",174,"8,226",530,"7,982",394
2025-2026,3,2026-01-24,Newfoundland and Labrador,511,10,469,51,1,46,4,51,0,469,8,469,0,5,3,5,0,469,0,469,31,469,24,469,24
2025-2026,3,2026-01-24,Prince Edward Island,117,3,117,12,0,0,11,11,1,117,7,11,1,0,0,0,0,11,0,11,1,11,2,11,0
2025-2026,3,2026-01-24,Nova Scotia,"1,564",109,"1,585",261,1,24,226,251,10,"1,585",66,41,1,0,0,0,0,41,2,41,1,41,2,41,1
2025-2026,3,2026-01-24,New Brunswick,"1,068",95,"1,086",99,1,5,92,98,1,"1,086",61,108,2,0,2,1,1,108,2,108,2,108,17,108,3
2025-2026,3,2026-01-24,Quebec,"10,572",561,"10,328","1,006",0,0,953,953,53,"8,110",557,"1,088",5,0,9,2,0,"1,097",32,"1,087",26,"1,161",91,"1,083",66
2025-2026,3,2026-01-24,Ontario,"6,751",448,"6,435",240,25,54,145,216,24,"6,434",481,"3,563",0,1,5,6,41,"3,565",33,"3,561",28,"3,561",146,"3,507",133
2025-2026,3,2026-01-24,Manitoba,"1,106",48,"1,039",21,0,0,21,21,0,"1,039",18,76,0,0,0,0,0,76,1,76,6,76,7,76,0
2025-2026,3,2026-01-24,Saskatchewan,"1,343",84,"1,348",97,2,21,59,82,15,"1,233",114,472,2,4,1,5,0,472,7,472,7,472,29,472,6
2025-2026,3,2026-01-24,Alberta,"5,024",178,"4,795",324,39,152,8,200,124,"4,557",345,"1,595",8,4,11,10,0,"1,594",9,"1,595",37,"1,595",110,"1,595",76
2025-2026,3,2026-01-24,British Columbia,"3,457",112,"4,283",485,34,170,2,448,37,"4,283",294,937,6,2,6,20,0,957,6,937,47,955,74,921,23
2025-2026,3,2026-01-24,Yukon,35,1,33,6,0,5,0,5,1,33,0,N/A,N/A,N/A,N/A,N/A,N/A,N/A,N/A,N/A,N/A,N/A,N/A,N/A,N/A
2025-2026,3,2026-01-24,Northwest Territories,47,3,47,2,0,2,0,2,0,47,0,N/A,N/A,N/A,N/A,N/A,N/A,47,0,47,3,47,4,N/A,N/A
2025-2026,3,2026-01-24,Nunavut,65,3,65,9,0,7,1,8,1,65,0,N/A,N/A,N/A,N/A,N/A,N/A,N/A,N/A,N/A,N/A,N/A,N/A,N/A,N/A
2025-2026,3,2026-01-24,Canada,"31,660","1,655","31,630","2,613",103,486,"1,522","2,346",267,"29,058","1,951","8,360",25,16,37,49,42,"8,437",92,"8,404",189,"8,496",506,"8,283",332
2025-2026,2,2026-01-17,Newfoundland and Labrador,514,29,453,67,2,60,4,66,1,453,7,453,0,6,3,7,0,453,4,453,24,453,13,453,16
2025-2026,2,2026-01-17,Prince Edward Island,198,7,197,40,0,0,37,37,3,197,3,8,0,0,1,0,0,8,0,8,0,8,0,8,0
2025-2026,2,2026-01-17,Nova Scotia,"1,835",147,"1,842",285,0,9,271,280,5,"1,842",88,29,0,0,0,0,0,29,2,29,0,29,0,29,0
2025-2026,2,2026-01-17,New Brunswick,"1,257",94,"1,266",124,0,9,115,124,0,"1,266",58,115,1,0,1,1,0,115,7,115,2,115,10,115,4
2025-2026,2,2026-01-17,Quebec,"12,357",643,"12,238","1,868",1,2,"1,826","1,829",39,"9,470",438,"1,229",7,3,0,3,0,"1,240",16,"1,229",16,"1,308",76,"1,217",37
2025-2026,2,2026-01-17,Ontario,"7,558",518,"7,250",540,61,236,293,511,29,"7,251",503,"4,180",1,0,4,1,41,"4,180",33,"4,181",21,"4,181",172,"4,097",141
2025-2026,2,2026-01-17,Manitoba,"1,320",70,"1,203",67,0,0,66,66,1,"1,203",12,81,1,0,1,4,0,81,0,81,2,81,7,81,1
2025-2026,2,2026-01-17,Saskatchewan,"1,495",89,"1,511",177,11,66,92,169,8,"1,382",122,482,3,3,4,5,0,482,7,482,9,482,21,482,7
2025-2026,2,2026-01-17,Alberta,"5,322",206,"5,132",508,71,314,23,408,100,"4,851",282,"1,697",12,5,8,9,0,"1,697",9,"1,696",44,"1,693",80,"1,697",59
2025-2026,2,2026-01-17,British Columbia,"3,932",106,"4,749",693,42,198,3,667,26,"4,749",276,929,8,5,4,10,0,951,7,926,35,948,73,918,12
2025-2026,2,2026-01-17,Yukon,40,0,34,7,0,7,0,7,0,34,3,N/A,N/A,N/A,N/A,N/A,N/A,N/A,N/A,N/A,N/A,N/A,N/A,N/A,N/A
2025-2026,2,2026-01-17,Northwest Territories,41,6,41,0,0,0,0,0,0,41,0,N/A,N/A,N/A,N/A,N/A,N/A,41,0,41,1,41,8,N/A,N/A
2025-2026,2,2026-01-17,Nunavut,93,5,93,34,3,23,6,32,2,93,0,N/A,N/A,N/A,N/A,N/A,N/A,N/A,N/A,N/A,N/A,N/A,N/A,N/A,N/A
2025-2026,2,2026-01-17,Canada,"35,962","1,920","36,009","4,410",191,924,"2,736","4,196",214,"32,832","1,792","9,203",33,22,26,40,41,"9,277",85,"9,241",154,"9,339",460,"9,097",277
2025-2026,1,2026-01-10,Newfoundland and Labrador,641,29,593,101,2,65,34,101,0,593,10,593,1,8,2,13,0,593,5,593,16,593,26,593,22
2025-2026,1,2026-01-10,Prince Edward Island,256,5,255,57,0,0,54,54,3,255,8,8,0,0,0,0,0,8,0,8,1,8,2,8,0
2025-2026,1,2026-01-10,Nova Scotia,"2,148",149,"2,179",392,14,96,277,387,5,"2,179",91,51,1,0,0,1,0,51,1,51,1,51,5,51,0
2025-2026,1,2026-01-10,New Brunswick,"1,440",116,"1,465",208,3,25,178,206,2,"1,465",38,108,2,0,0,0,0,108,3,108,0,108,11,108,3
2025-2026,1,2026-01-10,Quebec,"16,268",945,"16,348","3,462",1,2,"3,420","3,423",39,"12,661",344,"1,412",2,1,2,0,0,"1,422",31,"1,412",14,"1,485",92,"1,398",42
2025-2026,1,2026-01-10,Ontario,"9,379",578,"8,982","1,275",74,428,812,"1,252",23,"8,981",373,"5,019",1,3,2,2,48,"5,019",42,"5,022",36,"5,021",188,"4,969",89
2025-2026,1,2026-01-10,Manitoba,"1,722",81,"1,530",114,0,17,97,114,0,"1,530",18,125,0,2,0,3,0,125,3,125,7,125,7,125,2
2025-2026,1,2026-01-10,Saskatchewan,"2,049",126,"2,073",359,6,76,267,349,10,"1,871",83,669,5,5,1,7,0,669,10,669,2,669,29,669,9
2025-2026,1,2026-01-10,Alberta,"6,848",327,"6,704","1,081",150,764,58,977,104,"6,273",295,"2,190",16,5,2,14,0,"2,190",6,"2,189",25,"2,189",101,"2,190",39
2025-2026,1,2026-01-10,British Columbia,"5,032",132,"5,930","1,266",125,528,6,"1,234",32,"5,930",264,"1,224",9,6,8,15,0,"1,244",12,"1,222",75,"1,255",94,"1,212",20
2025-2026,1,2026-01-10,Yukon,44,0,33,4,0,4,0,4,0,32,0,N/A,N/A,N/A,N/A,N/A,N/A,N/A,N/A,N/A,N/A,N/A,N/A,N/A,N/A
2025-2026,1,2026-01-10,Northwest Territories,59,7,59,11,3,7,0,10,1,59,4,N/A,N/A,N/A,N/A,N/A,N/A,59,0,59,0,59,8,N/A,N/A
2025-2026,1,2026-01-10,Nunavut,118,11,117,56,5,49,2,56,0,117,1,N/A,N/A,N/A,N/A,N/A,N/A,N/A,N/A,N/A,N/A,N/A,N/A,N/A,N/A
2025-2026,1,2026-01-10,Canada,"46,004","2,506","46,268","8,386",383,"2,061","5,205","8,167",219,"41,946","1,529","11,399",37,30,17,55,48,"11,488",113,"11,458",177,"11,563",563,"11,323",226
2025-2026,53,2026-01-03,Newfoundland and Labrador,658,41,599,143,0,81,62,143,0,599,5,599,3,2,2,8,0,599,9,599,21,599,28,599,11
2025-2026,53,2026-01-03,Prince Edward Island,307,14,299,100,0,2,98,100,0,299,2,19,0,0,0,0,0,19,2,19,1,19,5,19,0
2025-2026,53,2026-01-03,Nova Scotia,"2,351",204,"2,366",509,8,148,346,502,7,"2,366",81,45,1,0,0,0,0,45,1,45,0,45,7,45,0
2025-2026,53,2026-01-03,New Brunswick,"1,728",142,"1,731",428,5,55,368,428,0,"1,731",31,127,0,0,1,1,1,127,6,127,0,127,9,127,3
2025-2026,53,2026-01-03,Quebec,"18,480","1,054","19,590","6,284",1,2,"6,250","6,253",31,"14,985",397,"1,497",3,1,3,10,0,"1,509",40,"1,497",10,"1,557",121,"1,491",41
2025-2026,53,2026-01-03,Ontario,"11,100",587,"10,539","2,498",112,921,"1,560","2,482",16,"10,539",418,"5,983",8,10,6,7,57,"5,983",56,"5,982",33,"5,981",207,"5,918",89
2025-2026,53,2026-01-03,Manitoba,"2,097",88,"1,799",240,0,16,222,238,2,"1,799",20,133,0,0,1,2,0,133,0,133,2,133,17,133,0
2025-2026,53,2026-01-03,Saskatchewan,"2,497",124,"2,539",768,1,52,711,764,4,"2,284",107,789,5,1,4,8,0,789,6,789,3,789,46,789,3
2025-2026,53,2026-01-03,Alberta,"8,089",338,"7,923","2,233",215,"1,824",91,"2,134",99,"7,493",319,"2,502",7,9,6,19,0,"2,501",10,"2,500",13,"2,498",113,"2,502",38
2025-2026,53,2026-01-03,British Columbia,"4,713",141,"5,923","1,451",136,850,7,"1,432",19,"5,923",287,"1,132",6,8,8,15,0,"1,156",17,"1,131",59,"1,153",113,"1,116",15
2025-2026,53,2026-01-03,Yukon,49,0,42,6,2,1,0,3,3,41,0,N/A,N/A,N/A,N/A,N/A,N/A,N/A,N/A,N/A,N/A,N/A,N/A,N/A,N/A
2025-2026,53,2026-01-03,Northwest Territories,60,4,60,21,5,15,0,20,1,60,2,N/A,N/A,N/A,N/A,N/A,N/A,60,0,60,0,60,2,N/A,N/A
2025-2026,53,2026-01-03,Nunavut,148,4,148,47,7,26,14,47,0,148,0,N/A,N/A,N/A,N/A,N/A,N/A,N/A,N/A,N/A,N/A,N/A,N/A,N/A,N/A
2025-2026,53,2026-01-03,Canada,"52,277","2,741","53,558","14,728",492,"3,993","9,729","14,546",182,"48,267","1,669","12,826",33,31,31,70,58,"12,921",147,"12,882",142,"12,961",668,"12,739",200
2025-2026,52,2025-12-27,Newfoundland and Labrador,447,10,408,112,2,22,88,112,0,408,10,408,1,7,0,2,0,408,6,408,10,408,27,408,6
2025-2026,52,2025-12-27,Prince Edward Island,274,6,272,91,0,2,88,90,1,272,2,9,1,0,0,0,0,9,0,9,0,9,4,9,0
2025-2026,52,2025-12-27,Nova Scotia,"1,737",120,"1,741",428,7,139,277,423,5,"1,741",72,27,0,0,0,0,0,27,1,27,0,27,4,27,0
2025-2026,52,2025-12-27,New Brunswick,"1,660",120,"1,734",557,1,85,468,554,3,"1,734",39,168,1,1,2,0,1,168,3,168,3,168,31,168,8
2025-2026,52,2025-12-27,Quebec,"18,562","1,019","19,772","7,724",0,3,"7,692","7,695",29,"15,313",362,"1,527",3,4,0,9,0,"1,538",51,"1,528",8,"1,613",120,"1,524",32
2025-2026,52,2025-12-27,Ontario,"11,530",412,"11,022","3,388",135,"1,291","2,068","3,363",25,"11,022",361,"6,532",10,3,2,17,59,"6,532",52,"6,428",22,"6,534",263,"6,472",56
2025-2026,52,2025-12-27,Manitoba,"2,077",74,"1,704",314,1,39,272,312,2,"1,704",9,105,0,0,0,1,0,105,0,105,5,105,4,105,1
2025-2026,52,2025-12-27,Saskatchewan,"2,557",133,"2,608","1,012",3,41,964,"1,008",4,"2,372",67,823,2,4,0,9,0,823,8,823,3,823,41,823,4
2025-2026,52,2025-12-27,Alberta,"8,370",323,"8,175","2,822",256,"2,355",113,"2,733",89,"7,724",249,"2,556",9,14,6,14,0,"2,556",15,"2,556",16,"2,555",171,"2,556",27
2025-2026,52,2025-12-27,British Columbia,"3,854",91,"4,850","1,234",113,791,5,"1,204",30,"4,849",226,948,8,15,9,14,0,963,6,948,29,970,95,943,7
2025-2026,52,2025-12-27,Yukon,35,1,31,7,2,4,0,6,1,31,1,N/A,N/A,N/A,N/A,N/A,N/A,N/A,N/A,N/A,N/A,N/A,N/A,N/A,N/A
2025-2026,52,2025-12-27,Northwest Territories,68,2,68,35,12,22,0,34,1,68,1,N/A,N/A,N/A,N/A,N/A,N/A,68,0,68,0,68,4,N/A,N/A
2025-2026,52,2025-12-27,Nunavut,168,12,167,98,4,89,5,98,0,167,0,N/A,N/A,N/A,N/A,N/A,N/A,N/A,N/A,N/A,N/A,N/A,N/A,N/A,N/A
2025-2026,52,2025-12-27,Canada,"51,339","2,323","52,552","17,822",536,"4,883","12,040","17,632",190,"47,405","1,399","13,103",35,48,19,66,60,"13,197",142,"13,068",96,"13,280",764,"13,035",141
2025-2026,51,2025-12-20,Newfoundland and Labrador,404,20,368,50,2,34,14,50,0,368,2,368,0,9,0,4,0,368,8,368,8,368,22,368,6
2025-2026,51,2025-12-20,Prince Edward Island,213,15,204,52,0,2,50,52,0,204,1,10,0,0,0,0,0,10,0,10,1,10,2,10,0
2025-2026,51,2025-12-20,Nova Scotia,"1,487",105,"1,508",248,5,49,193,247,1,"1,508",39,43,1,0,0,0,0,43,2,43,0,43,11,43,2
2025-2026,51,2025-12-20,New Brunswick,"1,944",146,"1,995",660,2,90,568,660,0,"2,054",32,213,1,1,0,3,1,213,13,213,1,213,38,213,1
2025-2026,51,2025-12-20,Quebec,"18,993","1,112","17,839","6,281",0,1,"6,249","6,250",31,"13,754",305,"1,618",6,4,5,8,0,"1,633",33,"1,618",10,"1,682",154,"1,615",32
2025-2026,51,2025-12-20,Ontario,"11,660",490,"11,209","3,547",144,"1,609","2,107","3,531",16,"11,209",289,"6,725",5,3,7,14,66,"6,727",69,"6,726",33,"6,726",343,"6,663",63
2025-2026,51,2025-12-20,Manitoba,"2,289",96,"1,747",345,0,22,323,345,0,"1,747",6,135,0,0,2,0,0,135,0,135,2,135,19,135,0
2025-2026,51,2025-12-20,Saskatchewan,"2,906",164,"2,977","1,217",4,83,"1,129","1,216",1,"2,679",73,941,11,4,1,12,0,941,7,941,2,941,56,941,4
2025-2026,51,2025-12-20,Alberta,"9,087",379,"8,805","3,066",264,"2,637",97,"3,011",55,"8,122",205,"2,883",23,6,4,16,0,"2,883",11,"2,883",17,"2,882",213,"2,883",34
2025-2026,51,2025-12-20,British Columbia,"3,943",92,"4,860","1,102",108,669,14,"1,073",29,"4,859",184,"1,076",15,12,8,21,0,"1,104",26,"1,076",48,"1,114",129,"1,071",7
2025-2026,51,2025-12-20,Yukon,32,2,29,3,1,1,0,3,0,29,0,N/A,N/A,N/A,N/A,N/A,N/A,N/A,N/A,N/A,N/A,N/A,N/A,N/A,N/A
2025-2026,51,2025-12-20,Northwest Territories,81,5,81,37,9,28,0,37,0,81,1,N/A,N/A,N/A,N/A,N/A,N/A,81,2,81,0,81,10,N/A,N/A
2025-2026,51,2025-12-20,Nunavut,450,25,450,121,4,114,2,120,1,450,2,N/A,N/A,N/A,N/A,N/A,N/A,N/A,N/A,N/A,N/A,N/A,N/A,N/A,N/A
2025-2026,51,2025-12-20,Canada,"53,489","2,651","52,072","16,729",543,"5,339","10,746","16,595",134,"47,064","1,139","14,012",62,39,27,78,67,"14,138",171,"14,094",122,"14,195",997,"13,942",149
2025-2026,50,2025-12-13,Newfoundland and Labrador,392,22,364,22,1,17,4,22,0,364,7,364,2,9,1,5,0,364,4,364,9,364,29,364,6
2025-2026,50,2025-12-13,Prince Edward Island,168,10,161,26,0,0,26,26,0,161,1,8,1,0,0,0,0,8,0,8,0,8,5,8,0
2025-2026,50,2025-12-13,Nova Scotia,"1,262",77,"1,289",122,1,20,101,122,0,"1,289",35,45,4,0,0,0,0,45,0,45,0,45,5,45,0
2025-2026,50,2025-12-13,New Brunswick,"1,516",102,"1,527",456,1,83,372,456,0,"1,528",28,186,2,0,0,3,3,186,6,186,2,186,26,186,1
2025-2026,50,2025-12-13,Quebec,"14,559",915,"13,614","3,561",1,5,"3,544","3,550",11,"10,573",218,"1,437",5,4,5,11,0,"1,451",52,"1,437",6,"1,505",203,"1,434",16
2025-2026,50,2025-12-13,Ontario,"10,278",427,"10,010","3,076",218,"2,096","1,650","3,068",8,"10,009",257,"6,220",4,7,4,23,83,"6,220",50,"6,226",26,"6,226",374,"6,168",39
2025-2026,50,2025-12-13,Manitoba,"2,198",83,"1,589",351,0,22,329,351,0,"1,589",3,126,1,1,1,2,0,126,1,126,4,126,26,126,0
2025-2026,50,2025-12-13,Saskatchewan,"2,496",129,"2,528","1,024",3,105,912,"1,020",4,"2,302",52,775,4,3,4,10,0,775,4,775,2,775,61,775,0
2025-2026,50,2025-12-13,Alberta,"8,281",359,"7,883","2,612",294,"2,113",142,"2,567",45,"7,324",178,"2,701",23,15,4,18,0,"2,699",9,"2,701",10,"2,700",210,"2,701",22
2025-2026,50,2025-12-13,British Columbia,"3,619",100,"4,447",851,90,560,9,839,12,"4,447",186,"1,080",11,30,3,12,0,"1,100",8,"1,080",31,"1,106",135,"1,065",5
2025-2026,50,2025-12-13,Yukon,46,0,34,2,0,1,0,2,0,34,0,N/A,N/A,N/A,N/A,N/A,N/A,N/A,N/A,N/A,N/A,N/A,N/A,N/A,N/A
2025-2026,50,2025-12-13,Northwest Territories,89,7,89,27,1,26,0,27,0,89,1,N/A,N/A,N/A,N/A,N/A,N/A,89,2,89,0,89,4,N/A,N/A
2025-2026,50,2025-12-13,Nunavut,153,10,150,76,5,67,4,76,0,150,0,N/A,N/A,N/A,N/A,N/A,N/A,N/A,N/A,N/A,N/A,N/A,N/A,N/A,N/A
2025-2026,50,2025-12-13,Canada,"45,057","2,241","43,685","12,206",615,"5,115","7,093","12,126",80,"39,859",966,"12,942",57,69,22,84,86,"13,063",136,"13,037",90,"13,130","1,078","12,872",89
2025-2026,49,2025-12-06,Newfoundland and Labrador,324,10,298,10,1,8,1,10,0,298,3,298,1,8,0,1,0,298,2,298,2,298,38,298,8
2025-2026,49,2025-12-06,Prince Edward Island,133,4,129,16,0,0,16,16,0,129,4,4,0,0,0,0,0,4,0,4,0,4,2,4,0
2025-2026,49,2025-12-06,Nova Scotia,"1,111",64,"1,075",66,7,14,45,66,0,"1,075",16,35,1,0,0,0,0,35,0,35,1,35,8,35,0
2025-2026,49,2025-12-06,New Brunswick,"1,382",82,"1,390",382,1,68,313,382,0,"1,391",22,165,3,1,0,2,4,165,9,165,1,165,38,165,1
2025-2026,49,2025-12-06,Quebec,"11,549",901,"10,427","1,676",0,2,"1,659","1,661",15,"8,083",133,"1,218",7,1,4,7,0,"1,233",45,"1,219",5,"1,279",175,"1,219",16
2025-2026,49,2025-12-06,Ontario,"7,999",406,"7,643","1,862",203,"1,393",971,"1,855",7,"7,643",164,"4,877",9,7,1,16,67,"4,877",42,"4,877",16,"4,877",333,"4,826",38
2025-2026,49,2025-12-06,Manitoba,"1,789",58,"1,524",236,0,5,231,236,0,"1,524",8,123,1,0,1,1,0,123,1,123,0,123,11,123,0
2025-2026,49,2025-12-06,Saskatchewan,"1,868",108,"1,913",602,5,85,509,599,3,"1,723",47,626,10,1,1,13,0,626,7,626,0,626,54,626,0
2025-2026,49,2025-12-06,Alberta,"6,771",328,"6,257","1,717",214,"1,402",72,"1,696",21,"5,855",140,"2,186",20,12,3,20,0,"2,185",18,"2,185",17,"2,186",205,"2,186",20
2025-2026,49,2025-12-06,British Columbia,"3,248",126,"3,961",564,90,304,17,552,12,"3,961",137,"1,004",12,23,4,8,0,"1,024",16,"1,003",18,"1,029",145,996,9
2025-2026,49,2025-12-06,Yukon,51,1,43,7,4,2,0,7,0,43,0,N/A,N/A,N/A,N/A,N/A,N/A,N/A,N/A,N/A,N/A,N/A,N/A,N/A,N/A
2025-2026,49,2025-12-06,Northwest Territories,53,2,53,22,0,22,0,22,0,53,0,N/A,N/A,N/A,N/A,N/A,N/A,53,2,53,0,53,4,N/A,N/A
2025-2026,49,2025-12-06,Nunavut,106,4,103,19,0,16,3,19,0,103,0,N/A,N/A,N/A,N/A,N/A,N/A,N/A,N/A,N/A,N/A,N/A,N/A,N/A,N/A
2025-2026,49,2025-12-06,Canada,"36,384","2,094","34,816","7,179",525,"3,321","3,837","7,121",58,"31,881",674,"10,536",64,53,14,68,71,"10,623",142,"10,588",60,"10,675","1,013","10,478",92
2025-2026,48,2025-11-29,Newfoundland and Labrador,389,17,344,6,0,6,0,6,0,344,4,344,2,10,1,5,0,344,5,344,6,344,27,344,2
2025-2026,48,2025-11-29,Prince Edward Island,120,7,101,6,0,0,6,6,0,101,0,7,0,0,0,0,0,7,1,7,0,7,4,7,0
2025-2026,48,2025-11-29,Nova Scotia,"1,087",100,"1,102",45,15,11,18,44,1,"1,102",12,39,0,0,0,0,0,39,0,39,1,39,7,39,0
2025-2026,48,2025-11-29,New Brunswick,"1,069",61,"1,068",251,0,40,211,251,0,"1,070",7,116,1,0,1,4,2,116,5,116,0,116,26,116,1
2025-2026,48,2025-11-29,Quebec,"10,301",829,"9,011",886,2,1,871,874,12,"7,154",132,"1,263",9,3,3,16,0,"1,275",53,"1,263",5,"1,323",175,"1,260",14
2025-2026,48,2025-11-29,Ontario,"7,077",439,"6,962","1,147",231,988,367,"1,142",5,"6,962",123,"4,355",7,6,4,11,98,"4,356",26,"4,354",16,"4,354",368,"4,283",37
2025-2026,48,2025-11-29,Manitoba,"1,371",44,"1,190",161,0,2,159,161,0,"1,190",3,81,0,0,0,0,0,81,2,81,3,81,20,81,0
2025-2026,48,2025-11-29,Saskatchewan,"1,389",93,"1,397",279,14,63,201,278,1,"1,254",31,483,6,2,2,9,0,483,3,483,3,483,54,483,1
2025-2026,48,2025-11-29,Alberta,"5,115",306,"4,694",797,156,589,38,784,13,"4,444",110,"1,615",10,12,4,14,0,"1,614",11,"1,615",4,"1,615",175,"1,615",10
2025-2026,48,2025-11-29,British Columbia,"2,863",120,"3,511",266,64,110,13,261,5,"3,511",97,901,7,16,3,7,1,922,13,899,21,932,135,891,5
2025-2026,48,2025-11-29,Yukon,25,1,20,2,1,0,0,2,0,20,0,N/A,N/A,N/A,N/A,N/A,N/A,N/A,N/A,N/A,N/A,N/A,N/A,N/A,N/A
2025-2026,48,2025-11-29,Northwest Territories,74,5,74,32,0,32,0,32,0,74,0,N/A,N/A,N/A,N/A,N/A,N/A,74,0,74,0,74,7,N/A,N/A
2025-2026,48,2025-11-29,Nunavut,80,3,75,0,0,0,0,0,0,75,0,N/A,N/A,N/A,N/A,N/A,N/A,N/A,N/A,N/A,N/A,N/A,N/A,N/A,N/A
2025-2026,48,2025-11-29,Canada,"30,960","2,025","29,549","3,878",483,"1,842","1,884","3,841",37,"27,301",519,"9,204",42,49,18,66,101,"9,311",119,"9,275",59,"9,368",998,"9,119",70
2025-2026,47,2025-11-22,Newfoundland and Labrador,352,16,328,2,1,1,0,2,0,328,8,328,1,14,3,7,0,328,2,328,4,328,30,328,1
2025-2026,47,2025-11-22,Prince Edward Island,133,10,122,9,0,0,8,8,1,122,2,6,1,0,0,0,0,6,0,6,0,6,4,6,0
2025-2026,47,2025-11-22,Nova Scotia,"1,008",57,"1,045",13,1,0,12,13,0,"1,045",16,44,0,0,0,0,0,44,1,44,3,44,7,44,0
2025-2026,47,2025-11-22,New Brunswick,"1,124",70,"1,035",173,1,23,147,171,2,"1,035",10,110,0,0,1,2,2,110,6,110,0,110,26,110,0
2025-2026,47,2025-11-22,Quebec,"9,503",738,"8,094",450,0,0,443,443,7,"6,520",82,"1,152",3,3,7,8,0,"1,169",49,"1,152",3,"1,212",201,"1,144",8
2025-2026,47,2025-11-22,Ontario,"6,386",383,"6,105",542,160,385,246,534,8,"6,105",101,"3,715",12,7,1,14,105,"3,715",33,"3,691",19,"3,691",361,"3,644",20
2025-2026,47,2025-11-22,Manitoba,"1,258",55,"1,124",99,0,7,92,99,0,"1,124",0,97,0,0,2,1,0,97,0,97,0,97,19,97,0
2025-2026,47,2025-11-22,Saskatchewan,"1,192",65,"1,188",160,22,42,95,159,1,"1,087",14,468,3,8,1,12,0,468,7,468,3,468,61,468,0
2025-2026,47,2025-11-22,Alberta,"4,591",216,"4,260",605,161,396,39,599,6,"4,033",57,"1,542",11,9,6,10,0,"1,542",5,"1,542",4,"1,542",160,"1,542",16
2025-2026,47,2025-11-22,British Columbia,"2,841",134,"3,479",173,54,72,6,171,2,"3,479",78,965,16,20,10,8,0,987,15,964,17,990,188,952,3
2025-2026,47,2025-11-22,Yukon,45,1,36,0,0,0,0,0,0,36,0,N/A,N/A,N/A,N/A,N/A,N/A,N/A,N/A,N/A,N/A,N/A,N/A,N/A,N/A
2025-2026,47,2025-11-22,Northwest Territories,49,4,49,13,0,13,0,13,0,49,0,N/A,N/A,N/A,N/A,N/A,N/A,49,0,49,0,49,6,N/A,N/A
2025-2026,47,2025-11-22,Nunavut,80,0,77,0,0,0,0,0,0,77,0,N/A,N/A,N/A,N/A,N/A,N/A,N/A,N/A,N/A,N/A,N/A,N/A,N/A,N/A
2025-2026,47,2025-11-22,Canada,"28,562","1,749","26,942","2,239",400,939,"1,088","2,212",27,"25,040",368,"8,427",47,61,31,62,107,"8,515",118,"8,451",53,"8,537","1,063","8,335",48
2025-2026,46,2025-11-15,Newfoundland and Labrador,357,30,313,3,0,0,3,3,0,313,2,313,2,4,1,4,0,313,5,313,6,313,47,313,2
2025-2026,46,2025-11-15,Prince Edward Island,132,5,115,6,0,0,6,6,0,115,0,8,0,0,0,0,0,8,1,8,2,8,3,8,0
2025-2026,46,2025-11-15,Nova Scotia,"1,103",67,"1,118",6,0,0,6,6,0,"1,118",9,35,1,0,0,0,0,35,1,35,1,35,9,35,0
2025-2026,46,2025-11-15,New Brunswick,978,71,969,130,0,13,117,130,0,969,4,99,2,2,0,2,4,99,4,99,0,99,27,99,0
2025-2026,46,2025-11-15,Quebec,"9,305",692,"7,615",266,0,0,257,257,9,"6,294",53,"1,060",6,2,4,6,0,"1,072",38,"1,060",2,"1,147",203,"1,058",10
2025-2026,46,2025-11-15,Ontario,"5,813",315,"5,603",270,119,182,110,268,2,"5,602",71,"3,400",8,5,1,12,97,"3,401",40,"3,388",22,"3,401",365,"3,315",15
2025-2026,46,2025-11-15,Manitoba,954,46,884,47,1,4,42,47,0,884,0,77,2,0,1,1,0,77,1,77,0,77,5,77,0
2025-2026,46,2025-11-15,Saskatchewan,"1,107",62,"1,081",81,19,22,40,81,0,"1,002",12,455,4,4,1,7,0,455,8,455,0,455,91,455,0
2025-2026,46,2025-11-15,Alberta,"4,477",250,"4,016",440,154,268,12,437,3,"3,868",54,"1,438",8,10,6,7,0,"1,438",5,"1,438",4,"1,437",179,"1,438",13
2025-2026,46,2025-11-15,British Columbia,"2,775",177,"3,409",154,54,45,9,147,7,"3,409",71,867,13,18,5,7,2,890,9,864,12,902,173,858,6
2025-2026,46,2025-11-15,Yukon,34,3,22,0,0,0,0,0,0,22,0,N/A,N/A,N/A,N/A,N/A,N/A,N/A,N/A,N/A,N/A,N/A,N/A,N/A,N/A
2025-2026,46,2025-11-15,Northwest Territories,21,0,21,3,0,3,0,3,0,21,0,N/A,N/A,N/A,N/A,N/A,N/A,21,0,21,0,21,3,N/A,N/A
2025-2026,46,2025-11-15,Nunavut,82,3,73,0,0,0,0,0,0,73,0,N/A,N/A,N/A,N/A,N/A,N/A,N/A,N/A,N/A,N/A,N/A,N/A,N/A,N/A
2025-2026,46,2025-11-15,Canada,"27,138","1,721","25,239","1,406",347,537,602,"1,385",21,"23,690",276,"7,752",46,45,19,46,103,"7,809",112,"7,758",49,"7,895","1,105","7,656",46
2025-2026,45,2025-11-08,Newfoundland and Labrador,353,30,303,0,0,0,0,0,0,303,4,303,0,3,2,5,0,303,3,303,6,303,35,303,1
2025-2026,45,2025-11-08,Prince Edward Island,115,11,96,2,0,0,2,2,0,96,2,5,0,0,0,0,0,5,0,5,0,5,1,5,0
2025-2026,45,2025-11-08,Nova Scotia,"1,164",89,"1,181",9,0,0,9,9,0,"1,181",14,39,1,0,0,0,0,39,0,39,1,39,9,39,0
2025-2026,45,2025-11-08,New Brunswick,867,84,849,42,0,5,37,42,0,848,5,82,1,0,0,1,2,107,5,107,0,107,29,107,4
2025-2026,45,2025-11-08,Quebec,"9,021",807,"7,227",212,0,0,197,197,15,"6,066",61,"1,053",6,2,2,10,0,"1,070",45,"1,053",4,"1,149",195,"1,051",4
2025-2026,45,2025-11-08,Ontario,"5,439",285,"5,145",121,58,78,54,119,2,"5,145",59,"3,379",9,3,1,7,106,"3,379",47,"3,378",15,"3,378",391,"3,303",26
2025-2026,45,2025-11-08,Manitoba,947,63,891,16,0,0,16,16,0,891,1,63,0,1,0,0,0,63,2,63,0,63,14,63,0
2025-2026,45,2025-11-08,Saskatchewan,"1,042",67,"1,022",73,22,14,36,72,1,968,19,392,4,2,0,2,0,392,2,392,0,392,45,392,1
2025-2026,45,2025-11-08,Alberta,"4,294",225,"3,815",260,127,122,6,257,3,"3,670",37,"1,465",8,2,6,8,0,"1,465",16,"1,465",2,"1,462",182,"1,465",8
2025-2026,45,2025-11-08,British Columbia,"2,808",178,"3,421",129,52,39,6,127,2,"3,421",47,899,12,21,9,9,1,921,12,899,16,933,169,889,3
2025-2026,45,2025-11-08,Yukon,50,0,29,0,0,0,0,0,0,29,0,N/A,N/A,N/A,N/A,N/A,N/A,N/A,N/A,N/A,N/A,N/A,N/A,N/A,N/A
2025-2026,45,2025-11-08,Northwest Territories,47,6,47,1,0,1,0,1,0,47,0,N/A,N/A,N/A,N/A,N/A,N/A,47,1,47,0,47,13,N/A,N/A
2025-2026,45,2025-11-08,Nunavut,102,6,98,0,0,0,0,0,0,98,0,N/A,N/A,N/A,N/A,N/A,N/A,N/A,N/A,N/A,N/A,N/A,N/A,N/A,N/A
2025-2026,45,2025-11-08,Canada,"26,249","1,851","24,124",865,259,259,363,842,23,"22,763",249,"7,680",41,34,20,42,109,"7,791",133,"7,751",44,"7,878","1,083","7,617",47
2025-2026,44,2025-11-01,Newfoundland and Labrador,356,43,299,2,0,0,2,2,0,299,4,299,0,7,3,2,0,299,5,299,5,299,34,299,0
2025-2026,44,2025-11-01,Prince Edward Island,118,20,94,0,0,0,0,0,0,94,1,5,0,0,0,0,0,5,0,5,0,5,2,5,0
2025-2026,44,2025-11-01,Nova Scotia,"1,043",112,"1,057",28,0,0,28,28,0,"1,057",3,43,1,0,0,0,0,43,2,43,0,43,12,43,0
2025-2026,44,2025-11-01,New Brunswick,775,55,607,30,0,7,23,30,0,607,2,98,2,0,0,1,1,98,1,98,0,98,25,98,0
2025-2026,44,2025-11-01,Quebec,"8,633",712,"6,831",80,0,0,76,76,4,"5,708",42,"1,017",1,0,6,9,0,"1,029",54,"1,017",3,"1,091",182,"1,015",7
2025-2026,44,2025-11-01,Ontario,"5,265",357,"5,119",63,24,31,34,62,1,"5,119",32,"3,093",7,3,1,5,93,"3,093",22,"3,093",5,"3,093",388,"3,047",31
2025-2026,44,2025-11-01,Manitoba,962,54,919,19,0,0,19,19,0,919,0,55,0,0,0,0,0,55,0,55,0,55,16,55,0
2025-2026,44,2025-11-01,Saskatchewan,969,73,939,32,16,6,10,32,0,892,13,381,0,1,0,2,0,381,4,381,0,381,54,381,2
2025-2026,44,2025-11-01,Alberta,"4,274",265,"3,737",118,66,44,8,118,0,"3,594",36,"1,473",8,8,10,4,0,"1,472",14,"1,473",2,"1,473",197,"1,473",4
2025-2026,44,2025-11-01,British Columbia,"2,725",225,"3,312",76,34,19,5,75,1,"3,312",42,896,14,13,1,9,1,916,11,894,11,920,188,884,4
2025-2026,44,2025-11-01,Yukon,35,0,24,1,0,1,0,1,0,24,0,N/A,N/A,N/A,N/A,N/A,N/A,N/A,N/A,N/A,N/A,N/A,N/A,N/A,N/A
2025-2026,44,2025-11-01,Northwest Territories,33,6,33,0,0,0,0,0,0,33,0,N/A,N/A,N/A,N/A,N/A,N/A,33,1,33,0,33,6,N/A,N/A
2025-2026,44,2025-11-01,Nunavut,112,3,91,2,0,1,0,1,1,91,0,N/A,N/A,N/A,N/A,N/A,N/A,N/A,N/A,N/A,N/A,N/A,N/A,N/A,N/A
2025-2026,44,2025-11-01,Canada,"25,300","1,925","23,062",451,140,109,205,444,7,"21,749",175,"7,360",33,32,21,32,95,"7,424",114,"7,391",26,"7,491","1,104","7,300",48
2025-2026,43,2025-10-25,Newfoundland and Labrador,349,29,304,2,0,0,2,2,0,304,0,304,0,5,1,3,0,304,3,304,2,304,36,304,1
2025-2026,43,2025-10-25,Prince Edward Island,151,10,127,1,0,0,1,1,0,127,1,8,0,0,0,0,0,8,0,8,0,8,1,8,0
2025-2026,43,2025-10-25,Nova Scotia,"1,158",123,"1,172",8,0,0,7,7,1,"1,172",7,41,1,0,1,0,0,41,1,41,1,41,7,41,0
2025-2026,43,2025-10-25,New Brunswick,807,67,645,18,0,4,14,18,0,646,1,126,1,0,0,3,0,126,4,126,0,126,33,126,0
2025-2026,43,2025-10-25,Quebec,"9,478",889,"7,180",114,0,0,110,110,4,"5,832",27,"1,061",6,1,2,5,0,"1,076",37,"1,061",0,"1,153",191,"1,056",4
2025-2026,43,2025-10-25,Ontario,"5,600",305,"5,411",42,24,6,28,39,3,"5,411",29,"3,323",14,0,3,4,73,"3,323",25,"3,321",4,"3,321",465,"3,239",11
2025-2026,43,2025-10-25,Manitoba,986,58,938,12,0,1,11,12,0,938,2,73,0,0,0,0,0,73,0,73,0,73,23,73,0
2025-2026,43,2025-10-25,Saskatchewan,"1,004",78,968,14,5,0,9,14,0,913,5,397,3,1,0,4,0,397,4,397,0,397,68,397,2
2025-2026,43,2025-10-25,Alberta,"4,211",249,"3,699",87,49,32,5,86,1,"3,536",32,"1,462",1,9,8,4,0,"1,462",5,"1,462",1,"1,462",216,"1,462",0
2025-2026,43,2025-10-25,British Columbia,"2,984",213,"3,390",131,55,37,12,131,0,"3,390",43,845,13,10,8,15,0,865,3,841,8,884,200,832,2
2025-2026,43,2025-10-25,Yukon,30,0,25,0,0,0,0,0,0,25,0,N/A,N/A,N/A,N/A,N/A,N/A,N/A,N/A,N/A,N/A,N/A,N/A,N/A,N/A
2025-2026,43,2025-10-25,Northwest Territories,28,2,28,1,1,0,0,1,0,28,0,N/A,N/A,N/A,N/A,N/A,N/A,28,0,28,0,28,7,N/A,N/A
2025-2026,43,2025-10-25,Nunavut,107,5,103,1,0,1,0,1,0,103,0,N/A,N/A,N/A,N/A,N/A,N/A,N/A,N/A,N/A,N/A,N/A,N/A,N/A,N/A
2025-2026,43,2025-10-25,Canada,"26,893","2,028","23,990",431,134,81,199,422,9,"22,425",147,"7,640",39,26,23,38,73,"7,703",82,"7,662",16,"7,797","1,247","7,538",20
2025-2026,42,2025-10-18,Newfoundland and Labrador,418,44,327,0,0,0,0,0,0,327,0,327,1,1,1,2,0,327,2,327,2,327,31,327,4
2025-2026,42,2025-10-18,Prince Edward Island,144,10,95,1,0,0,1,1,0,95,0,6,0,0,0,0,0,6,1,6,0,6,3,6,0
2025-2026,42,2025-10-18,Nova Scotia,"1,146",162,"1,135",8,0,0,8,8,0,"1,135",2,31,0,0,0,1,0,31,1,31,1,31,7,31,0
2025-2026,42,2025-10-18,New Brunswick,630,44,472,3,1,0,2,3,0,470,1,118,1,0,0,0,1,118,4,118,0,118,39,118,1
2025-2026,42,2025-10-18,Quebec,"9,168",932,"6,810",67,0,0,65,65,2,"5,897",22,"1,065",9,0,4,5,0,"1,070",30,"1,065",1,"1,123",212,"1,065",2
2025-2026,42,2025-10-18,Ontario,"5,565",346,"5,172",31,11,9,12,26,5,"5,172",26,"3,226",10,4,4,12,92,"3,226",29,"3,228",7,"3,228",493,"3,161",11
2025-2026,42,2025-10-18,Manitoba,"1,022",94,961,0,0,0,0,0,0,961,0,84,1,1,0,0,0,84,0,84,0,84,24,84,0
2025-2026,42,2025-10-18,Saskatchewan,"1,023",58,"1,004",12,4,1,6,11,1,948,1,359,0,1,5,0,0,359,4,359,0,359,46,359,0
2025-2026,42,2025-10-18,Alberta,"3,879",179,"3,413",53,35,15,2,53,0,"3,334",17,"1,381",8,6,4,4,0,"1,381",4,"1,381",2,"1,381",270,"1,381",3
2025-2026,42,2025-10-18,British Columbia,"3,026",243,"3,357",77,33,18,3,76,1,"3,357",35,805,10,5,6,4,0,834,5,804,5,828,170,792,3
2025-2026,42,2025-10-18,Yukon,35,1,27,0,0,0,0,0,0,27,0,N/A,N/A,N/A,N/A,N/A,N/A,N/A,N/A,N/A,N/A,N/A,N/A,N/A,N/A
2025-2026,42,2025-10-18,Northwest Territories,20,0,20,1,1,0,0,1,0,20,0,N/A,N/A,N/A,N/A,N/A,N/A,20,0,20,0,20,5,N/A,N/A
2025-2026,42,2025-10-18,Nunavut,73,7,71,0,0,0,0,0,0,71,0,N/A,N/A,N/A,N/A,N/A,N/A,N/A,N/A,N/A,N/A,N/A,N/A,N/A,N/A
2025-2026,42,2025-10-18,Canada,"26,149","2,120","22,864",253,85,43,99,244,9,"21,814",104,"7,402",40,18,24,28,93,"7,456",80,"7,423",18,"7,505","1,300","7,324",24
2025-2026,41,2025-10-11,Newfoundland and Labrador,385,56,341,0,0,0,0,0,0,341,1,341,0,2,2,4,0,341,1,341,5,341,64,341,2
2025-2026,41,2025-10-11,Prince Edward Island,152,23,95,1,0,0,1,1,0,95,2,6,0,0,0,0,0,6,0,6,0,6,3,6,0
2025-2026,41,2025-10-11,Nova Scotia,"1,117",157,"1,133",8,0,0,8,8,0,"1,133",1,34,0,0,0,0,0,34,2,34,0,34,10,34,0
2025-2026,41,2025-10-11,New Brunswick,684,40,515,2,0,0,2,2,0,516,4,94,0,0,0,1,0,94,4,94,0,94,33,94,0
2025-2026,41,2025-10-11,Quebec,"9,615","1,073","6,907",40,1,0,37,38,2,"5,922",27,"1,101",12,1,0,4,0,"1,110",36,"1,101",3,"1,174",265,"1,093",5
2025-2026,41,2025-10-11,Ontario,"5,839",393,"5,363",33,13,10,21,31,2,"5,363",25,"3,481",4,3,0,2,86,"3,481",21,"3,481",10,"3,481",606,"3,401",10
2025-2026,41,2025-10-11,Manitoba,"1,106",96,"1,017",1,1,0,0,1,0,"1,017",0,77,0,1,0,0,0,77,1,77,0,77,23,77,0
2025-2026,41,2025-10-11,Saskatchewan,"1,023",69,997,7,3,1,2,6,1,936,6,425,0,0,2,2,0,425,3,425,1,425,79,425,1
2025-2026,41,2025-10-11,Alberta,"4,085",191,"3,299",47,31,14,2,47,0,"3,136",19,"1,428",19,0,6,16,0,"1,428",12,"1,428",1,"1,428",265,"1,428",2
2025-2026,41,2025-10-11,British Columbia,"3,010",273,"3,317",56,37,4,3,55,1,"3,317",16,829,6,7,3,5,0,854,13,828,3,851,190,815,2
2025-2026,41,2025-10-11,Yukon,41,3,27,0,0,0,0,0,0,27,0,N/A,N/A,N/A,N/A,N/A,N/A,N/A,N/A,N/A,N/A,N/A,N/A,N/A,N/A
2025-2026,41,2025-10-11,Northwest Territories,39,0,39,0,0,0,0,0,0,39,0,N/A,N/A,N/A,N/A,N/A,N/A,39,0,39,0,39,14,N/A,N/A
2025-2026,41,2025-10-11,Nunavut,97,1,97,0,0,0,0,0,0,97,0,N/A,N/A,N/A,N/A,N/A,N/A,N/A,N/A,N/A,N/A,N/A,N/A,N/A,N/A
2025-2026,41,2025-10-11,Canada,"27,193","2,375","23,147",195,86,29,76,189,6,"21,939",101,"7,816",41,14,13,34,86,"7,889",93,"7,854",23,"7,950","1,552","7,714",22
2025-2026,40,2025-10-04,Newfoundland and Labrador,444,73,401,0,0,0,0,0,0,401,3,401,0,2,2,1,0,401,7,401,1,401,60,401,3
2025-2026,40,2025-10-04,Prince Edward Island,132,27,60,0,0,0,0,0,0,60,0,13,0,0,0,0,0,13,0,13,0,13,7,13,0
2025-2026,40,2025-10-04,Nova Scotia,"1,083",140,"1,097",5,0,0,5,5,0,"1,097",0,40,3,1,0,0,0,40,0,40,0,40,15,40,0
2025-2026,40,2025-10-04,New Brunswick,626,34,481,2,1,0,1,2,0,479,2,83,1,1,0,0,1,83,2,83,0,83,33,83,0
2025-2026,40,2025-10-04,Quebec,"9,633","1,201","6,769",34,0,0,32,32,2,"5,874",23,"1,164",9,1,3,3,0,"1,176",27,"1,164",1,"1,265",285,"1,157",4
2025-2026,40,2025-10-04,Ontario,"5,702",400,"5,242",23,7,9,15,21,2,"5,242",13,"3,783",7,1,0,3,94,"3,804",24,"3,805",13,"3,794",935,"3,716",14
2025-2026,40,2025-10-04,Manitoba,"1,146",119,"1,069",2,1,0,1,2,0,"1,069",0,94,0,0,0,0,0,94,3,94,0,94,23,94,0
2025-2026,40,2025-10-04,Saskatchewan,"1,004",76,968,4,2,0,2,4,0,924,5,392,2,1,0,3,0,392,1,392,3,392,89,392,1
2025-2026,40,2025-10-04,Alberta,"4,178",207,"2,488",27,15,10,2,27,0,"2,385",8,"1,557",11,5,5,10,0,"1,557",4,"1,557",1,"1,557",371,"1,557",2
2025-2026,40,2025-10-04,British Columbia,"2,906",308,"3,180",48,30,6,2,48,0,"3,180",21,798,1,3,2,7,0,821,8,798,2,824,223,784,0
2025-2026,40,2025-10-04,Yukon,30,1,22,2,2,0,0,2,0,22,0,N/A,N/A,N/A,N/A,N/A,N/A,N/A,N/A,N/A,N/A,N/A,N/A,N/A,N/A
2025-2026,40,2025-10-04,Northwest Territories,20,1,20,0,0,0,0,0,0,20,0,N/A,N/A,N/A,N/A,N/A,N/A,20,0,20,0,20,12,N/A,N/A
2025-2026,40,2025-10-04,Nunavut,156,3,152,0,0,0,0,0,0,152,0,N/A,N/A,N/A,N/A,N/A,N/A,N/A,N/A,N/A,N/A,N/A,N/A,N/A,N/A
2025-2026,40,2025-10-04,Canada,"27,060","2,590","21,949",147,58,25,60,143,4,"20,905",75,"8,325",34,15,12,27,95,"8,401",76,"8,367",21,"8,483","2,053","8,237",24
2025-2026,39,2025-09-27,Newfoundland and Labrador,363,52,291,1,0,0,1,1,0,291,2,291,1,2,0,6,0,291,3,291,1,291,46,291,2
2025-2026,39,2025-09-27,Prince Edward Island,70,14,14,1,0,0,1,1,0,14,0,8,1,0,0,0,0,8,1,8,0,8,3,8,0
2025-2026,39,2025-09-27,Nova Scotia,839,103,856,2,0,0,2,2,0,856,0,33,0,0,0,0,0,33,1,33,0,33,12,33,0
2025-2026,39,2025-09-27,New Brunswick,611,29,443,1,1,0,0,1,0,441,1,98,1,0,0,0,1,98,3,98,0,98,29,98,0
2025-2026,39,2025-09-27,Quebec,"9,483","1,363","6,453",24,0,0,19,19,5,"5,506",17,"1,075",6,3,4,4,0,"1,084",34,"1,075",4,"1,157",286,"1,070",2
2025-2026,39,2025-09-27,Ontario,"5,897",627,"5,429",19,10,10,11,19,0,"5,427",9,"4,021",4,2,1,2,83,"4,021",20,"4,027",17,"4,027","1,009","3,940",17
2025-2026,39,2025-09-27,Manitoba,"1,167",132,"1,070",2,0,0,2,2,0,"1,070",1,90,2,0,0,0,0,90,0,90,0,90,35,90,0
2025-2026,39,2025-09-27,Saskatchewan,"1,036",93,"1,005",2,1,1,0,2,0,956,2,448,1,1,0,1,0,448,3,448,1,448,93,448,0
2025-2026,39,2025-09-27,Alberta,"4,060",238,"1,699",10,4,5,1,10,0,"1,629",7,"1,629",5,6,7,3,0,"1,629",6,"1,629",0,"1,627",388,"1,629",0
2025-2026,39,2025-09-27,British Columbia,"2,770",284,"3,081",53,29,5,3,53,0,"3,081",18,810,7,10,4,3,0,834,7,810,4,838,217,799,2
2025-2026,39,2025-09-27,Yukon,30,2,26,0,0,0,0,0,0,26,0,N/A,N/A,N/A,N/A,N/A,N/A,N/A,N/A,N/A,N/A,N/A,N/A,N/A,N/A
2025-2026,39,2025-09-27,Northwest Territories,41,4,41,0,0,0,0,0,0,41,0,N/A,N/A,N/A,N/A,N/A,N/A,41,0,41,0,41,17,N/A,N/A
2025-2026,39,2025-09-27,Nunavut,71,5,71,1,0,0,1,1,0,71,0,N/A,N/A,N/A,N/A,N/A,N/A,N/A,N/A,N/A,N/A,N/A,N/A,N/A,N/A
2025-2026,39,2025-09-27,Canada,"26,438","2,946","20,479",116,45,21,41,111,5,"19,409",57,"8,503",28,24,16,19,84,"8,577",78,"8,550",27,"8,658","2,135","8,406",23
2025-2026,38,2025-09-20,Newfoundland and Labrador,289,36,241,0,0,0,0,0,0,241,5,241,0,1,1,4,0,241,2,241,1,241,36,241,0
2025-2026,38,2025-09-20,Prince Edward Island,33,4,11,0,0,0,0,0,0,11,0,5,0,0,0,0,0,5,0,5,0,5,3,5,0
2025-2026,38,2025-09-20,Nova Scotia,766,97,775,1,0,0,1,1,0,775,1,21,0,0,0,0,0,21,0,21,0,21,2,21,0
2025-2026,38,2025-09-20,New Brunswick,604,27,425,0,0,0,0,0,0,425,0,93,0,0,0,0,0,93,2,93,1,93,31,93,0
2025-2026,38,2025-09-20,Quebec,"8,259","1,057","5,594",19,0,0,16,16,3,"4,855",9,"1,029",6,1,5,0,0,"1,049",32,"1,029",2,"1,136",223,"1,023",3
2025-2026,38,2025-09-20,Ontario,"5,619",548,"5,337",20,12,8,4,17,3,"5,337",9,"4,033",7,2,2,5,112,"4,033",11,"4,038",26,"4,038",871,"3,958",13
2025-2026,38,2025-09-20,Manitoba,945,96,869,0,0,0,0,0,0,869,0,78,1,1,1,0,0,78,4,78,0,78,22,78,0
2025-2026,38,2025-09-20,Saskatchewan,935,75,895,11,2,1,6,9,2,849,1,389,2,0,3,0,0,389,3,389,0,389,79,389,0
2025-2026,38,2025-09-20,Alberta,"3,726",249,"1,577",10,4,5,1,10,0,"1,531",3,"1,531",7,1,4,3,0,"1,531",5,"1,531",3,"1,531",344,"1,531",1
2025-2026,38,2025-09-20,British Columbia,"2,722",294,"3,087",31,21,4,1,31,0,"3,087",16,883,2,2,4,2,0,909,8,883,1,902,215,874,1
2025-2026,38,2025-09-20,Yukon,22,1,23,0,0,0,0,0,0,23,0,N/A,N/A,N/A,N/A,N/A,N/A,N/A,N/A,N/A,N/A,N/A,N/A,N/A,N/A
2025-2026,38,2025-09-20,Northwest Territories,44,1,44,3,3,0,0,3,0,44,0,N/A,N/A,N/A,N/A,N/A,N/A,44,1,44,0,44,15,N/A,N/A
2025-2026,38,2025-09-20,Nunavut,94,2,94,0,0,0,0,0,0,94,0,N/A,N/A,N/A,N/A,N/A,N/A,N/A,N/A,N/A,N/A,N/A,N/A,N/A,N/A
2025-2026,38,2025-09-20,Canada,"24,058","2,487","18,972",95,42,18,29,87,8,"18,141",44,"8,303",25,8,20,14,112,"8,393",68,"8,352",34,"8,478","1,841","8,213",18
2025-2026,37,2025-09-13,Newfoundland and Labrador,278,31,241,1,0,0,1,1,0,241,2,241,0,2,7,7,0,241,3,241,1,241,28,241,0
2025-2026,37,2025-09-13,Prince Edward Island,42,5,19,0,0,0,0,0,0,19,0,6,0,0,0,0,0,6,0,6,0,6,1,6,0
2025-2026,37,2025-09-13,Nova Scotia,676,59,683,2,0,0,2,2,0,683,2,18,0,0,0,0,0,18,0,18,0,18,3,18,0
2025-2026,37,2025-09-13,New Brunswick,535,25,369,1,0,0,1,1,0,370,0,86,0,0,0,0,0,86,1,86,1,86,24,86,0
2025-2026,37,2025-09-13,Quebec,"6,783",736,"4,805",8,0,0,6,6,2,"4,190",13,888,5,5,3,2,0,900,17,889,1,984,164,887,7
2025-2026,37,2025-09-13,Ontario,"4,918",470,"4,499",18,9,9,12,17,1,"4,499",5,"3,532",3,0,4,1,75,"3,532",15,"3,536",24,"3,536",524,"3,469",13
2025-2026,37,2025-09-13,Manitoba,869,106,787,1,0,0,0,0,1,787,0,83,0,0,0,0,0,83,0,83,0,83,23,83,0
2025-2026,37,2025-09-13,Saskatchewan,841,77,791,4,1,0,1,2,2,739,3,349,2,1,5,0,0,349,2,349,1,349,74,349,1
2025-2026,37,2025-09-13,Alberta,"3,581",209,"1,495",17,11,3,3,17,0,"1,447",4,"1,447",5,4,13,8,0,"1,447",6,"1,447",4,"1,447",247,"1,447",1
2025-2026,37,2025-09-13,British Columbia,"2,381",276,"2,690",37,20,5,1,37,0,"2,690",14,735,9,2,3,3,0,761,3,735,5,751,104,723,2
2025-2026,37,2025-09-13,Yukon,37,4,34,0,0,0,0,0,0,34,0,N/A,N/A,N/A,N/A,N/A,N/A,N/A,N/A,N/A,N/A,N/A,N/A,N/A,N/A
2025-2026,37,2025-09-13,Northwest Territories,40,3,40,1,1,0,0,1,0,40,0,N/A,N/A,N/A,N/A,N/A,N/A,40,0,40,0,40,17,N/A,N/A
2025-2026,37,2025-09-13,Nunavut,96,3,96,0,0,0,0,0,0,96,0,N/A,N/A,N/A,N/A,N/A,N/A,N/A,N/A,N/A,N/A,N/A,N/A,N/A,N/A
2025-2026,37,2025-09-13,Canada,"21,077","2,004","16,549",90,42,17,27,84,6,"15,835",43,"7,385",24,14,35,21,75,"7,463",47,"7,430",37,"7,541","1,209","7,309",24
2025-2026,36,2025-09-06,Newfoundland and Labrador,247,37,208,0,0,0,0,0,0,208,1,208,0,0,8,4,0,208,3,208,2,208,22,208,0
2025-2026,36,2025-09-06,Prince Edward Island,19,2,5,0,0,0,0,0,0,5,0,3,0,0,0,0,0,3,0,3,0,3,3,3,0
2025-2026,36,2025-09-06,Nova Scotia,568,52,583,1,0,0,1,1,0,583,1,31,0,0,0,0,0,31,0,31,0,31,5,31,0
2025-2026,36,2025-09-06,New Brunswick,511,29,355,1,0,1,0,1,0,350,0,80,0,1,0,3,0,80,2,80,0,80,14,80,1
2025-2026,36,2025-09-06,Quebec,"6,280",609,"4,340",13,0,0,10,10,3,"3,818",10,873,7,1,2,3,0,890,20,873,3,957,144,873,1
2025-2026,36,2025-09-06,Ontario,"4,679",384,"4,301",16,8,5,9,16,0,"4,301",9,"3,376",0,0,3,0,83,"3,376",15,"3,377",22,"3,377",407,"3,303",7
2025-2026,36,2025-09-06,Manitoba,671,35,645,0,0,0,0,0,0,645,0,54,0,0,0,0,0,54,2,54,0,54,14,54,0
2025-2026,36,2025-09-06,Saskatchewan,682,34,635,5,0,3,1,4,1,609,2,281,0,1,1,0,0,281,3,281,0,281,36,281,0
2025-2026,36,2025-09-06,Alberta,"3,200",185,"1,303",13,6,6,1,13,0,"1,266",3,"1,266",5,2,11,6,0,"1,266",4,"1,266",4,"1,266",166,"1,266",6
2025-2026,36,2025-09-06,British Columbia,"2,242",264,"2,533",37,21,3,1,36,1,"2,533",14,688,4,2,6,2,0,703,6,688,7,723,75,680,2
2025-2026,36,2025-09-06,Yukon,32,2,19,0,0,0,0,0,0,19,0,N/A,N/A,N/A,N/A,N/A,N/A,N/A,N/A,N/A,N/A,N/A,N/A,N/A,N/A
2025-2026,36,2025-09-06,Northwest Territories,33,2,33,1,1,0,0,1,0,33,0,N/A,N/A,N/A,N/A,N/A,N/A,33,1,33,0,33,13,N/A,N/A
2025-2026,36,2025-09-06,Nunavut,70,1,70,0,0,0,0,0,0,70,0,N/A,N/A,N/A,N/A,N/A,N/A,N/A,N/A,N/A,N/A,N/A,N/A,N/A,N/A
2025-2026,36,2025-09-06,Canada,"19,234","1,636","15,030",87,36,18,23,82,5,"14,440",40,"6,860",16,7,31,18,83,"6,925",56,"6,894",38,"7,013",899,"6,779",17
2025-2026,35,2025-08-30,Newfoundland and Labrador,229,23,210,1,0,0,0,0,1,210,1,210,0,2,5,4,0,210,2,210,2,210,23,210,0
2025-2026,35,2025-08-30,Prince Edward Island,33,5,7,0,0,0,0,0,0,7,0,3,0,0,0,0,0,3,0,3,0,3,1,3,0
2025-2026,35,2025-08-30,Nova Scotia,587,61,592,2,0,0,1,1,1,592,0,23,0,0,0,0,0,23,1,23,0,23,3,23,0
2025-2026,35,2025-08-30,New Brunswick,472,18,330,1,0,0,1,1,0,321,0,70,0,0,0,0,0,70,2,70,3,70,9,70,0
2025-2026,35,2025-08-30,Quebec,"5,781",466,"4,108",18,0,0,13,13,5,"3,662",12,834,7,1,7,1,0,845,15,834,1,929,110,834,1
2025-2026,35,2025-08-30,Ontario,"4,277",259,"3,812",10,2,6,6,9,1,"3,812",7,"2,837",1,1,2,0,86,"2,838",25,"2,838",14,"2,838",260,"2,784",5
2025-2026,35,2025-08-30,Manitoba,608,35,635,2,0,0,2,2,0,635,0,36,1,0,0,0,0,36,0,36,0,36,3,36,0
2025-2026,35,2025-08-30,Saskatchewan,604,37,560,2,0,0,2,2,0,535,0,230,0,0,4,1,0,230,2,230,0,230,35,230,0
2025-2026,35,2025-08-30,Alberta,"3,402",190,"1,359",13,9,4,0,13,0,"1,338",4,"1,338",8,4,8,5,0,"1,338",6,"1,338",2,"1,338",171,"1,338",3
2025-2026,35,2025-08-30,British Columbia,"2,165",225,"2,392",29,21,3,1,29,0,"2,392",14,665,4,1,8,4,1,686,10,665,6,688,99,656,1
2025-2026,35,2025-08-30,Yukon,30,0,18,2,2,0,0,2,0,18,0,N/A,N/A,N/A,N/A,N/A,N/A,N/A,N/A,N/A,N/A,N/A,N/A,N/A,N/A
2025-2026,35,2025-08-30,Northwest Territories,29,2,29,0,0,0,0,0,0,29,0,N/A,N/A,N/A,N/A,N/A,N/A,29,0,29,0,29,11,N/A,N/A
2025-2026,35,2025-08-30,Nunavut,91,2,91,1,1,0,0,1,0,91,0,N/A,N/A,N/A,N/A,N/A,N/A,N/A,N/A,N/A,N/A,N/A,N/A,N/A,N/A
2025-2026,35,2025-08-30,Canada,"18,308","1,323","14,143",81,35,13,26,73,8,"13,642",38,"6,246",21,9,34,15,87,"6,308",63,"6,276",28,"6,394",725,"6,184",10
